{
  "case_id": "runtime_audit_case",
  "case_name": "runtime_audit_case",
  "config": {
    "temperature_C": 100.0,
    "pressure_MPa": 1.0,
    "reactor_volume_L": 5.0,
    "residence_time_min": 30.0,
    "solvent": "hexane",
    "solvent_mass_kg_h": 100.0,
    "ethylene_kg_h": 20.0,
    "propylene_kg_h": 30.0,
    "enb_kg_h": 3.0,
    "hydrogen_g_h": 5.0,
    "catalyst_umol_h": 100.0,
    "AlTi_ratio": 1000.0,
    "BHT_ratio": 0.0,
    "num_cstr": 2,
    "reactor_mode": "Semi-batch Reactor",
    "flash1_T_C": 80.0,
    "flash1_P_MPa": 0.2,
    "flash2_T_C": 140.0,
    "flash2_P_MPa": 0.02,
    "purge_fraction": 0.05,
    "thermo_mode": "Simple Wilson K",
    "deltaH_ethylene_kJ_mol": -95.0,
    "deltaH_propylene_kJ_mol": -85.0,
    "deltaH_ENB_kJ_mol": -80.0,
    "heat_transfer_U_W_m2K": 300.0,
    "heat_transfer_area_m2": 2.0,
    "coolant_inlet_C": 25.0,
    "coolant_outlet_C": 35.0,
    "pipe_length_m": 10.0,
    "pipe_diameter_m": 0.025,
    "pipe_roughness_m": 4.5e-05,
    "pump_efficiency": 0.65,
    "rheology_model": "newtonian",
    "power_law_n": 0.72,
    "carreau_lambda_s": 1.2,
    "agitation_rpm": 500.0,
    "impeller_type": "pitched blade turbine",
    "baffles": true,
    "feed_nozzle_position": "near_impeller",
    "parameter_set_id": "default"
  },
  "parameter_set_id": "default",
  "kpis": {
    "polymer_kg_h": 15.548725734530446,
    "catalyst_productivity_g_mol_h": 155487257.3453045,
    "C2_conversion_pct": 42.50203882733046,
    "C3_conversion_pct": 19.98095829985966,
    "ENB_conversion_pct": 35.13434930354856,
    "C2_wt": 54.66948167069713,
    "C3_wt": 38.551631769064194,
    "ENB_wt": 6.778886560238677,
    "Mw": 433737.4741366046,
    "Mn": 149903.57235696883,
    "PDI": 2.8934432136396024,
    "Mooney": 80.52199750385321,
    "Tg_C": -46.34119241105603,
    "crystallinity": "no melting peak",
    "solids_wt": 10.16223374042054,
    "heat_duty_kJ_h": 41594.67620766139,
    "heat_duty_kW": 11.554076724350386,
    "preheat_kJ_h": 25931.0625,
    "preheat_kW": 7.203072916666667,
    "flash1_vapor_fraction": 0.9766259073318749,
    "flash2_vapor_fraction": 1.0,
    "flash1_recycle_kg_h": 33.717826749004544,
    "flash2_recycle_kg_h": 4.49489323880314,
    "recycle_iterations": 24,
    "recycle_closure_error": 5.520445256479434e-07,
    "monomer_recovery_pct": 94.99999954832718,
    "solvent_recovery_pct": 94.99999954832722,
    "purge_kg_h": 6.872813713273569,
    "ENB_residue_ppm": 0.0,
    "devol_duty_kJ_h": 3860.562371091926,
    "devol_duty_kW": 1.0723784364144238,
    "total_cooling_load_kW": 18.75714964101705,
    "total_utility_kW": 27.032600994098143,
    "deltaT_ad_K": 5676.261451145808,
    "thermal_risk": "high",
    "Q_max_kW": 41.9284739862612,
    "cooling_margin_kW": 30.374397261910815,
    "heat_transfer_status": "移热能力充足",
    "fouling_index": 0.08779630336635579,
    "fouling_risk": "low",
    "performance_fouling_index": 0.3521995560137777,
    "performance_fouling_risk": "low",
    "mixture_mw_g_mol": 63.65465269415587,
    "liquid_density_kg_m3": 657.9786766473418,
    "gas_density_kg_m3": 20.51693685942392,
    "Cp_liq_kJ_kgK": 2.2273759855846342,
    "Cp_gas_kJ_kgK": 1.6781950251949664,
    "thermal_conductivity_W_mK": 0.1028407036638231,
    "dynamic_viscosity_Pa_s": 8.395521403659612e-05,
    "kinematic_viscosity_m2_s": 1.275956455980925e-07,
    "vapor_pressure_Pa": 20526088.061205048,
    "polymer_solution_viscosity_index": 0.09371277228035213,
    "pipe_Reynolds": 25782.531632121132,
    "pipe_flow_regime": "turbulent",
    "pipe_pressure_drop_kPa": 0.06201777864296661,
    "pump_power_kW": 6.1630281711592015e-06,
    "pipe_shear_rate_s": 42.108656240047836,
    "pipe_apparent_viscosity_Pa_s": 8.395521403659612e-05,
    "rheology_model": "newtonian",
    "transport_risk": "normal",
    "mass_balance_error_pct": 1.1888431120197748e-12,
    "thermo_mode": "Simple Wilson K",
    "best_grade": "Internal_1109_2_commercial_candidate",
    "best_grade_score": 85.59547620576583,
    "parameter_set_id": "default"
  },
  "notes": "runtime audit",
  "created_at": 1778031963.1067607,
  "versions": []
}